{"savedConfig": [{
    "ramBudget": 500,
    "components": [
        {
            "cpuMfr": "INTEL",
            "basePower": 150,
            "price": 949,
            "benchMark": 62014,
            "model": "i9-13900KS",
            "integratedGraphics": true
        },
        {
            "basePower": 450,
            "price": 2298.98,
            "bench mark": 38929,
            "model": "GeForce RTX 4090",
            "gpuMfr": "NVIDIA"
        },
        {
            "maxRam": 192,
            "price": 789.98,
            "model": "Asus ROG MAXIMUS Z790 HERO",
            "socket": "LGA1700",
            "formSize": "ATX",
            "ramSlot": 4
        },
        {
            "wattage": 1000,
            "price": 269.99,
            "model": "Corsair SF1000L ",
            "isModular": true,
            "formSize": "ITX"
        }
    ]
}]}